Iteracoes,PiAproximado
10000,3.14149265359003450000000000000000000000000000000000
100000,3.14158265358971980000000000000000000000000000000000
1000000,3.14159165358977430000000000000000000000000000000000
10000000,3.14159255358979150000000000000000000000000000000000
100000000,3.14159264358932600000000000000000000000000000000000
